-- MySQL dump 10.13  Distrib 8.0.29, for Win64 (x86_64)
--
-- Host: 127.0.0.1    Database: lrms
-- ------------------------------------------------------
-- Server version	8.0.29

/*!40101 SET @OLD_CHARACTER_SET_CLIENT=@@CHARACTER_SET_CLIENT */;
/*!40101 SET @OLD_CHARACTER_SET_RESULTS=@@CHARACTER_SET_RESULTS */;
/*!40101 SET @OLD_COLLATION_CONNECTION=@@COLLATION_CONNECTION */;
/*!50503 SET NAMES utf8mb4 */;
/*!40103 SET @OLD_TIME_ZONE=@@TIME_ZONE */;
/*!40103 SET TIME_ZONE='+00:00' */;
/*!40014 SET @OLD_UNIQUE_CHECKS=@@UNIQUE_CHECKS, UNIQUE_CHECKS=0 */;
/*!40014 SET @OLD_FOREIGN_KEY_CHECKS=@@FOREIGN_KEY_CHECKS, FOREIGN_KEY_CHECKS=0 */;
/*!40101 SET @OLD_SQL_MODE=@@SQL_MODE, SQL_MODE='NO_AUTO_VALUE_ON_ZERO' */;
/*!40111 SET @OLD_SQL_NOTES=@@SQL_NOTES, SQL_NOTES=0 */;

--
-- Table structure for table `appointment`
--

DROP TABLE IF EXISTS `appointment`;
/*!40101 SET @saved_cs_client     = @@character_set_client */;
/*!50503 SET character_set_client = utf8mb4 */;
CREATE TABLE `appointment` (
  `uid` bigint NOT NULL AUTO_INCREMENT,
  `lab_id` varchar(11) CHARACTER SET utf8mb3 COLLATE utf8_general_ci DEFAULT NULL,
  `lab_name` varchar(50) CHARACTER SET utf8mb3 COLLATE utf8_general_ci DEFAULT NULL,
  `equipment_id_list` varchar(255) CHARACTER SET utf8mb3 COLLATE utf8_general_ci DEFAULT NULL,
  `equipment_name_list` varchar(255) CHARACTER SET utf8mb3 COLLATE utf8_general_ci DEFAULT NULL,
  `user_id` varchar(11) CHARACTER SET utf8mb3 COLLATE utf8_general_ci DEFAULT NULL,
  `user_name` varchar(255) CHARACTER SET utf8mb3 COLLATE utf8_general_ci DEFAULT NULL,
  `count` int NOT NULL DEFAULT '1',
  `description` varchar(255) CHARACTER SET utf8mb3 COLLATE utf8_general_ci DEFAULT NULL COMMENT '实验内容',
  `status` varchar(10) CHARACTER SET utf8mb3 COLLATE utf8_general_ci NOT NULL DEFAULT '审核中' COMMENT '审核中，申请通过，未通过，用户取消',
  `appoint_date` timestamp NULL DEFAULT NULL COMMENT '预约日期',
  `appoint_time` int DEFAULT NULL COMMENT '0上午1下午',
  `is_deleted` tinyint DEFAULT '0' COMMENT '逻辑删除(1:已删除，0:未删除)',
  `check_first` varchar(10) DEFAULT '同意' COMMENT '同意，拒绝',
  `check_second` varchar(255) DEFAULT '待审核',
  `check_third` varchar(255) DEFAULT '待审核',
  `create_time` timestamp NOT NULL DEFAULT CURRENT_TIMESTAMP COMMENT '创建时间',
  `update_time` timestamp NOT NULL DEFAULT CURRENT_TIMESTAMP ON UPDATE CURRENT_TIMESTAMP COMMENT '更新时间',
  PRIMARY KEY (`uid`) USING BTREE
) ENGINE=InnoDB AUTO_INCREMENT=64 DEFAULT CHARSET=utf8mb3 ROW_FORMAT=DYNAMIC;
/*!40101 SET character_set_client = @saved_cs_client */;

--
-- Dumping data for table `appointment`
--

LOCK TABLES `appointment` WRITE;
/*!40000 ALTER TABLE `appointment` DISABLE KEYS */;
INSERT INTO `appointment` VALUES (56,'1','软件开发实验室','9,1,','设备9;设备1;','20171506001','王一帆',1,NULL,'审核通过','2022-10-11 16:00:00',2,0,'同意','同意','同意','2022-10-12 11:08:19','2022-11-02 13:36:56'),(57,'1','软件开发实验室','1,','设备1;','20171506001','王一帆',3,NULL,'未通过','2022-10-11 16:00:00',2,0,'同意','拒绝','待审核','2022-10-12 11:08:27','2022-11-02 13:36:57'),(58,'1','软件开发实验室','9,1,','设备9;设备1;','20171506001','王一帆',2,NULL,'审核中','2022-10-12 16:00:00',4,0,'同意','同意','待审核','2022-10-12 11:20:02','2022-11-02 13:28:48'),(59,'1','软件开发实验室','1,','设备1;','20171506001','王一帆',2,NULL,'审核中','2022-10-16 16:00:00',1,0,'同意','同意','待审核','2022-10-16 15:12:12','2022-11-02 13:28:48'),(60,'1','软件开发实验室','2,2,','设备2;设备2;','20171506002','徐非',1,NULL,'审核中','2023-01-27 16:00:00',1,0,'同意','待审核','待审核','2023-01-27 02:16:17','2023-01-27 02:16:17'),(61,'2','计算机信息实验室','1,','设备1;','20171506002','徐非',1,NULL,'审核中','2023-01-27 16:00:00',3,0,'同意','待审核','待审核','2023-01-27 02:16:35','2023-01-27 02:16:35'),(62,'4','网络靶场','5,6,','设备5;设备6;','20171506002','徐非',3,NULL,'审核中','2023-01-31 16:00:00',2,0,'同意','待审核','待审核','2023-01-27 02:17:11','2023-01-27 02:17:11'),(63,'3','网络安全实验室','5,6,','设备5;设备6;','20171506002','徐非',2,NULL,'审核中','2023-01-27 16:00:00',3,0,'同意','待审核','待审核','2023-01-27 02:17:28','2023-01-27 02:17:28');
/*!40000 ALTER TABLE `appointment` ENABLE KEYS */;
UNLOCK TABLES;

--
-- Table structure for table `course`
--

DROP TABLE IF EXISTS `course`;
/*!40101 SET @saved_cs_client     = @@character_set_client */;
/*!50503 SET character_set_client = utf8mb4 */;
CREATE TABLE `course` (
  `uuid` int NOT NULL AUTO_INCREMENT,
  `cid` int DEFAULT '1',
  `cname` varchar(255) DEFAULT '数据结构',
  `lid` int DEFAULT '1',
  `lname` varchar(255) DEFAULT '网络攻防实验室',
  `cdate` varchar(255) DEFAULT '第1周-第18周',
  `ctype` varchar(255) DEFAULT '必修',
  PRIMARY KEY (`uuid`)
) ENGINE=InnoDB AUTO_INCREMENT=9 DEFAULT CHARSET=utf8mb4 COLLATE=utf8mb4_0900_ai_ci;
/*!40101 SET character_set_client = @saved_cs_client */;

--
-- Dumping data for table `course`
--

LOCK TABLES `course` WRITE;
/*!40000 ALTER TABLE `course` DISABLE KEYS */;
INSERT INTO `course` VALUES (1,1,'数据结构',1,'网络攻防实验室','第1周-第18周','必修'),(2,2,'计算机网络',1,'网络攻防实验室','第1周-第18周','必修'),(7,3,'高等数学',4,'高数教室','第1周-第18周','必修');
/*!40000 ALTER TABLE `course` ENABLE KEYS */;
UNLOCK TABLES;

--
-- Table structure for table `equipment`
--

DROP TABLE IF EXISTS `equipment`;
/*!40101 SET @saved_cs_client     = @@character_set_client */;
/*!50503 SET character_set_client = utf8mb4 */;
CREATE TABLE `equipment` (
  `uid` bigint NOT NULL AUTO_INCREMENT,
  `equ_id` varchar(11) CHARACTER SET utf8mb3 COLLATE utf8_general_ci NOT NULL,
  `equ_name` varchar(20) CHARACTER SET utf8mb3 COLLATE utf8_general_ci DEFAULT NULL,
  `func` varchar(255) CHARACTER SET utf8mb3 COLLATE utf8_general_ci NOT NULL DEFAULT '暂无' COMMENT '功能',
  `description` varchar(255) CHARACTER SET utf8mb3 COLLATE utf8_general_ci DEFAULT NULL COMMENT '设备简介',
  `price` varchar(20) CHARACTER SET utf8mb3 COLLATE utf8_general_ci DEFAULT NULL,
  `start_time` timestamp NULL DEFAULT NULL,
  `status` tinyint NOT NULL DEFAULT '0',
  `lab_name` varchar(20) CHARACTER SET utf8mb3 COLLATE utf8_general_ci DEFAULT NULL,
  `create_time` timestamp NOT NULL DEFAULT CURRENT_TIMESTAMP,
  `update_time` timestamp NOT NULL DEFAULT CURRENT_TIMESTAMP ON UPDATE CURRENT_TIMESTAMP,
  `is_deleted` tinyint NOT NULL DEFAULT '0',
  `types` varchar(20) CHARACTER SET utf8mb3 COLLATE utf8_general_ci DEFAULT '暂无型号' COMMENT '设备型号',
  PRIMARY KEY (`uid`,`equ_id`) USING BTREE,
  KEY `equ_id` (`equ_id`) USING BTREE
) ENGINE=InnoDB AUTO_INCREMENT=14 DEFAULT CHARSET=utf8mb3 ROW_FORMAT=DYNAMIC;
/*!40101 SET character_set_client = @saved_cs_client */;

--
-- Dumping data for table `equipment`
--

LOCK TABLES `equipment` WRITE;
/*!40000 ALTER TABLE `equipment` DISABLE KEYS */;
INSERT INTO `equipment` VALUES (1,'1','设备1','暂无','笔记本电脑','3000','2021-04-04 16:00:00',0,'软件开发实验室','2021-04-05 08:41:02','2022-11-02 13:25:53',1,'暂无型号'),(5,'2','设备2','暂无','电脑','1100','2021-04-05 08:54:13',0,'软件开发实验室','2021-04-05 08:54:13','2022-10-25 03:12:36',0,'暂无型号'),(6,'3','设备3','暂无','描述3','200','2021-04-05 09:01:08',0,'软件开发实验室','2021-04-05 09:01:08','2022-10-25 03:12:37',0,'暂无型号'),(7,'4','设备4','暂无','描述4','300','2021-04-05 10:30:33',0,'软件开发实验室','2021-04-05 10:30:33','2022-10-17 08:03:27',0,'暂无型号'),(8,'5','设备5','暂无','描述5','4000','2021-04-05 10:31:18',0,'软件开发实验室','2021-04-05 10:31:18','2022-10-17 08:03:27',0,'暂无型号'),(9,'6','设备6','暂无',NULL,'6000','2021-04-05 10:34:10',1,'软件开发实验室','2021-04-05 10:34:10','2022-10-25 03:12:38',0,'暂无型号'),(10,'7','设备7','暂无',NULL,'4000','2021-04-21 02:27:06',1,'软件开发实验室','2021-04-18 08:39:19','2022-10-25 03:12:38',0,'暂无型号'),(11,'8','设备8','暂无',NULL,'3500','2021-04-21 02:27:09',1,'软件开发实验室','2021-04-21 02:25:14','2022-10-25 03:12:29',0,'暂无型号'),(12,'9','设备9','暂无',NULL,'10000','2021-04-21 02:27:12',1,'计算机信息实验室','2021-04-21 02:26:05','2022-10-25 03:12:33',0,'暂无型号'),(13,'10','设备10','暂无',NULL,'1200','2021-04-21 02:27:15',1,'计算机信息实验室','2021-04-21 02:26:09','2022-10-25 03:12:34',0,'暂无型号');
/*!40000 ALTER TABLE `equipment` ENABLE KEYS */;
UNLOCK TABLES;

--
-- Table structure for table `equipment_use`
--

DROP TABLE IF EXISTS `equipment_use`;
/*!40101 SET @saved_cs_client     = @@character_set_client */;
/*!50503 SET character_set_client = utf8mb4 */;
CREATE TABLE `equipment_use` (
  `uid` bigint NOT NULL AUTO_INCREMENT,
  `equip_id` varchar(11) CHARACTER SET utf8mb3 COLLATE utf8_general_ci DEFAULT NULL,
  `nowdate` datetime NOT NULL COMMENT '该日日期',
  `week` varchar(20) CHARACTER SET utf8mb3 COLLATE utf8_general_ci DEFAULT NULL COMMENT '今天是周几',
  `first_time` int DEFAULT '0' COMMENT '8:00-10:00',
  `second_time` int DEFAULT '0' COMMENT '10:00-12:00',
  `third_time` int DEFAULT '0' COMMENT '14:00-16:00',
  `fourth_time` int DEFAULT '0' COMMENT '16:00-18:00',
  `create_time` timestamp NOT NULL DEFAULT CURRENT_TIMESTAMP COMMENT '创建时间',
  `update_time` timestamp NOT NULL DEFAULT CURRENT_TIMESTAMP ON UPDATE CURRENT_TIMESTAMP COMMENT '更新时间',
  `is_deleted` tinyint DEFAULT '0' COMMENT '逻辑删除(1:已删除，0:未删除)',
  PRIMARY KEY (`uid`) USING BTREE
) ENGINE=InnoDB AUTO_INCREMENT=181 DEFAULT CHARSET=utf8mb3 ROW_FORMAT=DYNAMIC;
/*!40101 SET character_set_client = @saved_cs_client */;

--
-- Dumping data for table `equipment_use`
--

LOCK TABLES `equipment_use` WRITE;
/*!40000 ALTER TABLE `equipment_use` DISABLE KEYS */;
INSERT INTO `equipment_use` VALUES (108,'1','2023-01-27 00:00:00','Friday',0,0,0,0,'2021-04-21 02:32:51','2023-01-27 02:02:22',0),(109,'1','2023-01-28 00:00:00','Saturday',1,0,1,0,'2021-04-21 02:33:10','2023-01-27 02:16:31',0),(110,'1','2023-01-29 00:00:00','Sunday',0,0,0,0,'2021-04-21 02:33:23','2023-01-27 02:02:22',0),(111,'1','2023-01-30 00:00:00','Monday',0,0,0,0,'2021-04-21 02:33:25','2023-01-27 02:02:22',0),(112,'1','2023-01-31 00:00:00','Tuesday',0,0,0,0,'2021-04-21 02:33:27','2023-01-27 02:02:22',0),(113,'1','2023-02-01 00:00:00','Wednesday',0,0,0,1,'2021-04-21 02:33:28','2023-01-27 02:02:22',0),(114,'1','2023-02-02 00:00:00','Thursday',0,0,0,0,'2021-04-21 02:33:31','2023-01-27 02:02:22',0),(115,'2','2023-01-27 00:00:00','Friday',0,0,0,0,'2021-04-21 02:32:51','2023-01-27 02:02:22',0),(116,'2','2023-01-28 00:00:00','Saturday',1,0,0,0,'2021-04-21 02:33:10','2023-01-27 02:16:10',0),(117,'2','2023-01-29 00:00:00','Sunday',0,0,0,0,'2021-04-21 02:33:23','2023-01-27 02:02:22',0),(118,'2','2023-01-30 00:00:00','Monday',0,0,0,0,'2021-04-21 02:33:25','2023-01-27 02:02:22',0),(119,'2','2023-01-31 00:00:00','Tuesday',0,0,0,0,'2021-04-21 02:33:27','2023-01-27 02:02:22',0),(120,'2','2023-02-01 00:00:00','Wednesday',0,0,0,1,'2021-04-21 02:33:28','2023-01-27 02:02:22',0),(121,'2','2023-02-02 00:00:00','Thursday',0,0,0,0,'2021-04-21 02:33:31','2023-01-27 02:02:22',0),(122,'3','2023-01-27 00:00:00','Friday',0,0,0,0,'2021-04-21 02:32:51','2023-01-27 02:02:22',0),(123,'3','2023-01-28 00:00:00','Saturday',0,0,0,0,'2021-04-21 02:33:10','2023-01-27 02:02:22',0),(124,'3','2023-01-29 00:00:00','Sunday',0,0,0,0,'2021-04-21 02:33:23','2023-01-27 02:02:22',0),(125,'3','2023-01-30 00:00:00','Monday',0,1,0,0,'2021-04-21 02:33:25','2023-01-27 02:16:53',0),(126,'3','2023-01-31 00:00:00','Tuesday',0,0,0,0,'2021-04-21 02:33:27','2023-01-27 02:02:22',0),(127,'3','2023-02-01 00:00:00','Wednesday',0,0,0,1,'2021-04-21 02:33:28','2023-01-27 02:02:22',0),(128,'3','2023-02-02 00:00:00','Thursday',0,0,0,0,'2021-04-21 02:33:31','2023-01-27 02:02:22',0),(129,'4','2023-01-27 00:00:00','Friday',0,0,0,0,'2021-04-21 02:32:51','2023-01-27 02:02:22',0),(130,'4','2023-01-28 00:00:00','Saturday',0,0,0,0,'2021-04-21 02:33:10','2023-01-27 02:02:22',0),(131,'4','2023-01-29 00:00:00','Sunday',0,0,0,0,'2021-04-21 02:33:23','2023-01-27 02:02:22',0),(132,'4','2023-01-30 00:00:00','Monday',0,1,0,0,'2021-04-21 02:33:25','2023-01-27 02:16:54',0),(133,'4','2023-01-31 00:00:00','Tuesday',0,0,0,0,'2021-04-21 02:33:27','2023-01-27 02:02:22',0),(134,'4','2023-02-01 00:00:00','Wednesday',0,0,0,0,'2021-04-21 02:33:28','2023-01-27 02:02:22',0),(135,'4','2023-02-02 00:00:00','Thursday',0,0,0,0,'2021-04-21 02:33:31','2023-01-27 02:02:22',0),(136,'5','2023-01-27 00:00:00','Friday',0,0,0,0,'2021-04-21 02:32:51','2023-01-27 02:02:22',0),(137,'5','2023-01-28 00:00:00','Saturday',0,0,1,0,'2021-04-21 02:33:10','2023-01-27 02:17:24',0),(138,'5','2023-01-29 00:00:00','Sunday',0,0,0,0,'2021-04-21 02:33:23','2023-01-27 02:02:22',0),(139,'5','2023-01-30 00:00:00','Monday',0,0,0,0,'2021-04-21 02:33:25','2023-01-27 02:02:22',0),(140,'5','2023-01-31 00:00:00','Tuesday',0,0,0,0,'2021-04-21 02:33:27','2023-01-27 02:02:22',0),(141,'5','2023-02-01 00:00:00','Wednesday',0,1,0,0,'2021-04-21 02:33:28','2023-01-27 02:17:07',0),(142,'5','2023-02-02 00:00:00','Thursday',0,0,0,0,'2021-04-21 02:33:31','2023-01-27 02:02:22',0),(143,'6','2023-01-27 00:00:00','Friday',0,0,0,0,'2021-04-21 02:32:51','2023-01-27 02:02:22',0),(144,'6','2023-01-28 00:00:00','Saturday',0,0,1,0,'2021-04-21 02:33:10','2023-01-27 02:17:25',0),(145,'6','2023-01-29 00:00:00','Sunday',0,0,0,0,'2021-04-21 02:33:23','2023-01-27 02:02:22',0),(146,'6','2023-01-30 00:00:00','Monday',0,0,0,0,'2021-04-21 02:33:25','2023-01-27 02:02:22',0),(147,'6','2023-01-31 00:00:00','Tuesday',0,0,0,0,'2021-04-21 02:33:27','2023-01-27 02:02:22',0),(148,'6','2023-02-01 00:00:00','Wednesday',0,1,0,0,'2021-04-21 02:33:28','2023-01-27 02:17:08',0),(149,'6','2023-02-02 00:00:00','Thursday',0,0,0,0,'2021-04-21 02:33:31','2023-01-27 02:02:22',0),(150,'7','2023-01-27 00:00:00','Friday',0,0,0,0,'2021-04-21 02:32:51','2023-01-27 02:02:22',0),(151,'7','2023-01-28 00:00:00','Saturday',0,0,0,0,'2021-04-21 02:33:10','2023-01-27 02:02:22',0),(152,'7','2023-01-29 00:00:00','Sunday',0,0,0,0,'2021-04-21 02:33:23','2023-01-27 02:02:22',0),(153,'7','2023-01-30 00:00:00','Monday',0,0,0,0,'2021-04-21 02:33:25','2023-01-27 02:02:22',0),(154,'7','2023-01-31 00:00:00','Tuesday',0,0,0,0,'2021-04-21 02:33:27','2023-01-27 02:02:22',0),(155,'7','2023-02-01 00:00:00','Wednesday',0,0,0,0,'2021-04-21 02:33:28','2023-01-27 02:02:22',0),(156,'7','2023-02-02 00:00:00','Thursday',0,0,0,0,'2021-04-21 02:33:31','2023-01-27 02:02:22',0),(157,'8','2023-01-27 00:00:00','Friday',0,0,0,0,'2021-04-21 02:32:51','2023-01-27 02:02:22',0),(158,'8','2023-01-28 00:00:00','Saturday',0,0,0,0,'2021-04-21 02:33:10','2023-01-27 02:02:22',0),(159,'8','2023-01-29 00:00:00','Sunday',0,0,0,0,'2021-04-21 02:33:23','2023-01-27 02:02:22',0),(160,'8','2023-01-30 00:00:00','Monday',0,0,0,0,'2021-04-21 02:33:25','2023-01-27 02:02:22',0),(161,'8','2023-01-31 00:00:00','Tuesday',0,0,0,0,'2021-04-21 02:33:27','2023-01-27 02:02:22',0),(162,'8','2023-02-01 00:00:00','Wednesday',0,0,0,0,'2021-04-21 02:33:28','2023-01-27 02:02:22',0),(163,'8','2023-02-02 00:00:00','Thursday',0,0,0,0,'2021-04-21 02:33:31','2023-01-27 02:02:22',0),(164,'9','2023-01-27 00:00:00','Friday',0,0,0,0,'2021-04-21 02:32:51','2023-01-27 02:02:22',0),(165,'9','2023-01-28 00:00:00','Saturday',0,0,0,0,'2021-04-21 02:33:10','2023-01-27 02:02:22',0),(166,'9','2023-01-29 00:00:00','Sunday',0,0,0,0,'2021-04-21 02:33:23','2023-01-27 02:02:22',0),(167,'9','2023-01-30 00:00:00','Monday',0,0,0,0,'2021-04-21 02:33:25','2023-01-27 02:02:22',0),(168,'9','2023-01-31 00:00:00','Tuesday',0,0,0,0,'2021-04-21 02:33:27','2023-01-27 02:02:22',0),(169,'9','2023-02-01 00:00:00','Wednesday',0,0,0,0,'2021-04-21 02:33:28','2023-01-27 02:02:22',0),(170,'9','2023-02-02 00:00:00','Thursday',0,0,0,0,'2021-04-21 02:33:31','2023-01-27 02:02:22',0),(171,'10','2023-01-27 00:00:00','Friday',0,0,0,0,'2021-04-21 02:32:51','2023-01-27 02:02:22',0),(172,'10','2023-01-28 00:00:00','Saturday',0,0,0,0,'2021-04-21 02:33:10','2023-01-27 02:02:22',0),(173,'10','2023-01-29 00:00:00','Sunday',0,0,0,0,'2021-04-21 02:33:23','2023-01-27 02:02:22',0),(174,'10','2023-01-30 00:00:00','Monday',0,0,0,0,'2021-04-21 02:33:25','2023-01-27 02:02:22',0),(175,'10','2023-01-31 00:00:00','Tuesday',0,0,0,0,'2021-04-21 02:33:27','2023-01-27 02:02:22',0),(176,'10','2023-02-01 00:00:00','Wednesday',0,0,0,0,'2021-04-21 02:33:28','2023-01-27 02:02:22',0),(180,'10','2023-02-02 00:00:00','Thursday',0,0,0,0,'2022-10-25 14:30:26','2023-01-27 02:02:22',0);
/*!40000 ALTER TABLE `equipment_use` ENABLE KEYS */;
UNLOCK TABLES;

--
-- Table structure for table `lab`
--

DROP TABLE IF EXISTS `lab`;
/*!40101 SET @saved_cs_client     = @@character_set_client */;
/*!50503 SET character_set_client = utf8mb4 */;
CREATE TABLE `lab` (
  `uid` bigint NOT NULL AUTO_INCREMENT,
  `lab_id` varchar(11) CHARACTER SET utf8mb3 COLLATE utf8_general_ci NOT NULL,
  `lab_name` varchar(50) CHARACTER SET utf8mb3 COLLATE utf8_general_ci DEFAULT NULL,
  `address` varchar(40) CHARACTER SET utf8mb3 COLLATE utf8_general_ci DEFAULT NULL,
  `capacity` varchar(10) CHARACTER SET utf8mb3 COLLATE utf8_general_ci DEFAULT NULL,
  `description` varchar(255) CHARACTER SET utf8mb3 COLLATE utf8_general_ci DEFAULT NULL COMMENT '实验室简介',
  `status` tinyint NOT NULL DEFAULT '0' COMMENT '状态',
  `create_time` timestamp NOT NULL DEFAULT CURRENT_TIMESTAMP COMMENT '创建时间',
  `update_time` timestamp NOT NULL DEFAULT CURRENT_TIMESTAMP ON UPDATE CURRENT_TIMESTAMP COMMENT '更新时间',
  `is_deleted` tinyint DEFAULT '0' COMMENT '逻辑删除(1:已删除，0:未删除)',
  `func` varchar(100) CHARACTER SET utf8mb3 COLLATE utf8_general_ci DEFAULT NULL COMMENT '功能',
  `appoint_date` timestamp NOT NULL DEFAULT CURRENT_TIMESTAMP,
  PRIMARY KEY (`uid`,`lab_id`) USING BTREE,
  KEY `lab_id` (`lab_id`) USING BTREE
) ENGINE=InnoDB AUTO_INCREMENT=34 DEFAULT CHARSET=utf8mb3 ROW_FORMAT=DYNAMIC;
/*!40101 SET character_set_client = @saved_cs_client */;

--
-- Dumping data for table `lab`
--

LOCK TABLES `lab` WRITE;
/*!40000 ALTER TABLE `lab` DISABLE KEYS */;
INSERT INTO `lab` VALUES (1,'1','软件开发实验室','C1-328','60','网络实验',0,'2021-04-07 10:55:45','2021-04-23 10:29:48',0,'软件开发','2021-04-11 07:26:45'),(2,'2','计算机信息实验室','C1-412  ','60','算法实验',0,'2021-04-07 10:56:16','2021-04-23 10:30:04',0,'计算机信息实践','2021-04-11 07:26:49'),(3,'3','网络安全实验室','C1-408','30','操作系统课程设计',0,'2021-04-07 10:56:47','2021-04-23 10:30:11',0,'网络安全测试','2021-04-11 07:26:51'),(4,'4','网络靶场','C1-410','30','网络攻防实验',0,'2021-04-07 10:57:36','2021-04-23 10:30:19',0,'网络攻防','2021-04-11 07:26:53');
/*!40000 ALTER TABLE `lab` ENABLE KEYS */;
UNLOCK TABLES;

--
-- Table structure for table `lab_equ`
--

DROP TABLE IF EXISTS `lab_equ`;
/*!40101 SET @saved_cs_client     = @@character_set_client */;
/*!50503 SET character_set_client = utf8mb4 */;
CREATE TABLE `lab_equ` (
  `uid` bigint NOT NULL AUTO_INCREMENT,
  `lab_id` varchar(11) CHARACTER SET utf8mb3 COLLATE utf8_general_ci NOT NULL,
  `equ_id` varchar(11) CHARACTER SET utf8mb3 COLLATE utf8_general_ci NOT NULL,
  PRIMARY KEY (`uid`) USING BTREE,
  KEY `lab_id` (`lab_id`) USING BTREE
) ENGINE=InnoDB AUTO_INCREMENT=42 DEFAULT CHARSET=utf8mb3 ROW_FORMAT=DYNAMIC;
/*!40101 SET character_set_client = @saved_cs_client */;

--
-- Dumping data for table `lab_equ`
--

LOCK TABLES `lab_equ` WRITE;
/*!40000 ALTER TABLE `lab_equ` DISABLE KEYS */;
INSERT INTO `lab_equ` VALUES (1,'1','1'),(2,'1','2'),(3,'1','3'),(4,'1','4'),(5,'1','5'),(6,'1','6'),(7,'1','7'),(8,'1','8'),(9,'1','9'),(10,'1','10'),(12,'2','1'),(13,'2','2'),(14,'2','3'),(15,'2','4'),(16,'2','5'),(17,'2','6'),(18,'2','7'),(19,'2','8'),(20,'2','9'),(21,'2','10'),(22,'3','1'),(23,'3','2'),(24,'3','3'),(25,'3','4'),(26,'3','5'),(27,'3','6'),(28,'3','7'),(29,'3','8'),(30,'3','9'),(31,'3','10'),(32,'4','1'),(33,'4','2'),(34,'4','3'),(35,'4','4'),(36,'4','5'),(37,'4','6'),(38,'4','7'),(39,'4','8'),(40,'4','9'),(41,'4','10');
/*!40000 ALTER TABLE `lab_equ` ENABLE KEYS */;
UNLOCK TABLES;

--
-- Table structure for table `labuse`
--

DROP TABLE IF EXISTS `labuse`;
/*!40101 SET @saved_cs_client     = @@character_set_client */;
/*!50503 SET character_set_client = utf8mb4 */;
CREATE TABLE `labuse` (
  `uid` bigint NOT NULL AUTO_INCREMENT,
  `lab_id` varchar(11) CHARACTER SET utf8mb3 COLLATE utf8_general_ci DEFAULT NULL,
  `nowdate` datetime NOT NULL COMMENT '该日日期',
  `week` varchar(20) CHARACTER SET utf8mb3 COLLATE utf8_general_ci DEFAULT NULL COMMENT '今天是周几',
  `first_time` int DEFAULT '0' COMMENT '8:00-10:00',
  `second_time` int DEFAULT '0' COMMENT '10:00-12:00',
  `third_time` int DEFAULT '0' COMMENT '14:00-16:00',
  `fourth_time` int DEFAULT '0' COMMENT '16:00-18:00',
  `create_time` timestamp NOT NULL DEFAULT CURRENT_TIMESTAMP COMMENT '创建时间',
  `update_time` timestamp NOT NULL DEFAULT CURRENT_TIMESTAMP ON UPDATE CURRENT_TIMESTAMP COMMENT '更新时间',
  `is_deleted` tinyint DEFAULT '0' COMMENT '逻辑删除(1:已删除，0:未删除)',
  PRIMARY KEY (`uid`) USING BTREE
) ENGINE=InnoDB AUTO_INCREMENT=436 DEFAULT CHARSET=utf8mb3 ROW_FORMAT=DYNAMIC;
/*!40101 SET character_set_client = @saved_cs_client */;

--
-- Dumping data for table `labuse`
--

LOCK TABLES `labuse` WRITE;
/*!40000 ALTER TABLE `labuse` DISABLE KEYS */;
INSERT INTO `labuse` VALUES (11,'3','2021-05-16 00:00:00','Wednesday',30,30,0,0,'2021-05-16 09:51:37','2022-10-25 14:26:35',1),(118,'1','2021-05-17 00:00:00','Monday',30,30,0,0,'2021-05-16 09:51:37','2022-10-25 14:26:35',1),(119,'1','2021-05-18 00:00:00','Tuesday',30,16,0,0,'2021-05-16 09:51:37','2022-11-02 13:31:41',1),(120,'1','2021-05-19 00:00:00','Wednesday',0,0,30,30,'2021-05-16 09:51:38','2022-10-25 14:26:35',1),(121,'1','2021-05-20 00:00:00','Thursday',30,0,0,0,'2021-05-16 09:51:38','2022-10-25 14:26:35',1),(122,'1','2021-05-21 00:00:00','Friday',30,0,30,0,'2021-05-16 09:51:38','2022-10-25 14:26:35',1),(127,'1','2021-05-22 00:00:00','Saturday',30,30,30,30,'2021-05-16 15:29:40','2022-10-25 14:26:35',1),(130,'1','2021-05-23 00:00:00','Sunday',30,30,30,30,'2021-05-17 03:02:06','2022-10-25 14:26:35',1),(203,'1','2021-05-23 00:00:00','Monday',30,30,80,90,'2021-05-17 05:06:48','2022-10-25 14:26:35',1),(215,'1','2021-05-24 00:00:00','Monday',30,30,80,90,'2021-05-18 01:04:02','2022-10-25 14:26:35',1),(216,'1','2021-05-29 00:00:00','Tuesday',30,30,0,0,'2021-05-23 07:30:36','2022-10-25 14:26:35',1),(217,'1','2021-05-29 00:00:00','Wednesday',0,0,30,30,'2021-05-23 07:30:36','2022-10-25 14:26:35',1),(218,'1','2021-05-29 00:00:00','Thursday',30,0,0,0,'2021-05-23 07:30:36','2022-10-25 14:26:35',1),(219,'1','2021-05-29 00:00:00','Friday',30,0,30,0,'2021-05-23 07:30:36','2022-10-25 14:26:35',1),(220,'1','2021-05-29 00:00:00','Saturday',30,30,30,30,'2021-05-23 07:30:36','2022-10-25 14:26:35',1),(221,'1','2022-06-21 00:00:00','Sunday',0,0,0,30,'2022-06-15 11:17:46','2022-10-25 14:26:35',1),(222,'1','2022-07-12 00:00:00','Tuesday',30,30,0,0,'2022-07-06 09:46:15','2022-10-25 14:26:35',1),(223,'1','2022-07-12 00:00:00','Wednesday',0,0,30,30,'2022-07-06 09:46:15','2022-10-25 14:26:35',1),(224,'1','2022-07-12 00:00:00','Thursday',30,0,0,0,'2022-07-06 09:46:15','2022-10-25 14:26:35',1),(225,'1','2022-07-12 00:00:00','Friday',30,0,30,0,'2022-07-06 09:46:15','2022-10-25 14:26:35',1),(226,'1','2022-07-12 00:00:00','Saturday',30,30,30,30,'2022-07-06 09:46:15','2022-10-25 14:26:35',1),(227,'1','2022-07-12 00:00:00','Sunday',30,30,30,30,'2022-07-06 09:46:15','2022-10-25 14:26:35',1),(228,'1','2022-07-12 00:00:00','Monday',10,20,30,40,'2022-07-06 09:46:31','2022-10-25 14:26:35',1),(229,'1','2022-07-12 00:00:00','Monday',10,20,30,40,'2022-07-06 09:46:31','2022-10-25 14:26:35',1),(230,'1','2022-09-25 00:00:00','Tuesday',30,30,0,0,'2022-09-19 15:08:20','2022-10-25 14:26:35',1),(231,'1','2022-09-25 00:00:00','Wednesday',0,0,30,30,'2022-09-19 15:08:20','2022-10-25 14:26:35',1),(232,'1','2022-09-19 00:00:00','Thursday',30,30,30,30,'2022-09-19 15:08:20','2022-10-25 14:26:35',1),(233,'1','2022-09-20 00:00:00','Friday',30,30,27,30,'2022-09-19 15:08:20','2022-11-02 13:31:37',1),(234,'1','2022-09-21 00:00:00','Saturday',30,30,30,30,'2022-09-19 15:08:20','2022-10-25 14:26:35',1),(235,'1','2022-09-22 00:00:00','Sunday',30,30,30,30,'2022-09-19 15:08:20','2022-10-25 14:26:35',1),(236,'1','2022-09-23 00:00:00','Monday',30,30,30,30,'2022-09-19 15:08:20','2022-10-25 14:26:35',1),(237,'1','2022-10-10 00:00:00','Monday',10,20,30,40,'2022-09-19 15:08:20','2022-10-25 14:26:35',1),(238,'1','2022-10-11 00:00:00','Tuesday',30,30,0,0,'2022-10-08 03:07:35','2022-10-25 14:26:35',1),(239,'1','2022-10-12 00:00:00','Wednesday',30,20,30,30,'2022-10-08 03:07:35','2022-11-02 13:36:56',1),(240,'1','2022-10-13 00:00:00','Thursday',30,30,30,24,'2022-10-08 03:07:35','2022-11-02 13:35:18',1),(241,'1','2022-10-14 00:00:00','Friday',30,0,30,0,'2022-10-08 03:07:35','2022-10-25 14:26:35',1),(242,'1','2022-10-15 00:00:00','Saturday',30,30,30,30,'2022-10-08 03:07:35','2022-10-25 14:26:35',1),(243,'1','2022-10-16 00:00:00','Sunday',30,30,30,30,'2022-10-08 03:07:35','2022-10-25 14:26:35',1),(244,'1','2022-10-17 00:00:00','Monday',4,20,30,40,'2022-10-08 03:07:35','2022-11-02 13:35:18',1),(245,'1','2022-10-14 00:00:00','Monday',10,20,30,40,'2022-10-08 03:07:35','2022-10-25 14:26:35',1),(246,'1','2022-10-18 00:00:00','Tuesday',30,30,30,30,'2022-10-12 10:54:50','2022-10-25 14:26:35',1),(247,'1','2022-10-22 00:00:00','Wednesday',0,0,30,30,'2022-10-16 15:09:20','2022-10-25 14:26:35',1),(248,'1','2022-10-22 00:00:00','Thursday',30,0,0,0,'2022-10-16 15:09:20','2022-10-25 14:26:35',1),(249,'1','2022-10-22 00:00:00','Friday',30,0,30,0,'2022-10-16 15:09:20','2022-10-25 14:26:35',1),(250,'1','2022-10-22 00:00:00','Saturday',30,30,30,30,'2022-10-16 15:09:20','2022-10-25 14:26:35',1),(251,'1','2022-10-22 00:00:00','Monday',10,20,30,40,'2022-10-16 15:09:20','2022-10-25 14:26:35',1),(252,'1','2022-10-23 00:00:00','Sunday',30,30,30,30,'2022-10-17 07:56:30','2022-10-25 14:26:35',1),(253,'1','2022-10-25 00:00:00','Monday',10,20,30,40,'2022-10-19 14:03:50','2022-11-02 13:25:15',1),(254,'1','2022-10-26 00:00:00','Tuesday',30,30,0,0,'2022-10-19 14:03:50','2022-11-02 13:25:15',1),(255,'1','2022-10-27 00:00:00','Wednesday',0,0,30,30,'2022-10-25 03:03:00','2022-11-02 13:25:15',1),(256,'1','2022-10-28 00:00:00','Thursday',30,0,0,0,'2022-10-25 03:03:00','2022-11-02 13:25:15',1),(257,'1','2022-10-29 00:00:00','Friday',30,0,30,0,'2022-10-25 03:03:00','2022-11-02 13:25:15',1),(258,'1','2022-10-30 00:00:00','Saturday',30,30,30,30,'2022-10-25 03:03:00','2022-11-02 13:25:15',1),(259,'1','2022-10-31 00:00:00','Monday',10,20,30,40,'2022-10-25 03:03:00','2022-11-02 13:25:15',1),(260,'1','2022-10-31 00:00:00','Sunday',30,30,30,30,'2022-10-25 03:03:00','2022-11-02 13:25:15',1),(261,'1','2022-10-31 00:00:00','Monday',10,20,30,40,'2022-10-25 14:26:35','2022-11-02 13:25:15',1),(262,'1','2022-10-31 00:00:00','Tuesday',30,30,0,0,'2022-10-25 14:26:35','2022-11-02 13:25:15',1),(263,'1','2022-10-31 00:00:00','Wednesday',0,0,30,30,'2022-10-25 14:26:35','2022-11-02 13:25:15',1),(264,'1','2022-10-31 00:00:00','Thursday',30,0,0,0,'2022-10-25 14:26:35','2022-11-02 13:25:15',1),(265,'1','2022-10-31 00:00:00','Friday',30,0,30,0,'2022-10-25 14:26:35','2022-11-02 13:25:15',1),(266,'1','2022-10-31 00:00:00','Saturday',30,30,30,30,'2022-10-25 14:26:35','2022-11-02 13:25:15',1),(267,'1','2022-10-31 00:00:00','Sunday',30,30,30,30,'2022-10-25 14:26:35','2022-11-02 13:25:15',1),(268,'1','2022-10-31 00:00:00','Monday',10,20,30,40,'2022-10-25 14:26:35','2022-11-02 13:25:15',1),(269,'1','2022-10-31 00:00:00','Monday',10,20,30,40,'2022-10-25 14:26:35','2022-11-02 13:25:15',1),(270,'1','2022-10-31 00:00:00','Tuesday',30,30,0,0,'2022-10-25 14:26:35','2022-11-02 13:25:15',1),(271,'1','2022-10-31 00:00:00','Wednesday',0,0,30,30,'2022-10-25 14:26:35','2022-11-02 13:25:15',1),(272,'1','2022-10-31 00:00:00','Thursday',30,0,0,0,'2022-10-25 14:26:35','2022-11-02 13:25:15',1),(273,'1','2022-10-31 00:00:00','Friday',30,0,30,0,'2022-10-25 14:26:35','2022-11-02 13:25:15',1),(274,'1','2022-10-31 00:00:00','Saturday',30,30,30,30,'2022-10-25 14:26:35','2022-11-02 13:25:15',1),(275,'1','2022-10-31 00:00:00','Sunday',30,30,30,30,'2022-10-25 14:26:35','2022-11-02 13:25:15',1),(276,'1','2022-10-31 00:00:00','Tuesday',30,30,0,0,'2022-10-25 14:26:35','2022-11-02 13:25:15',1),(277,'1','2022-10-31 00:00:00','Wednesday',0,0,30,30,'2022-10-25 14:26:35','2022-11-02 13:25:15',1),(278,'1','2022-10-31 00:00:00','Thursday',30,0,0,0,'2022-10-25 14:26:35','2022-11-02 13:25:15',1),(279,'1','2022-10-31 00:00:00','Friday',30,0,30,0,'2022-10-25 14:26:35','2022-11-02 13:25:15',1),(280,'1','2022-10-31 00:00:00','Saturday',30,30,30,30,'2022-10-25 14:26:35','2022-11-02 13:25:15',1),(281,'1','2022-10-31 00:00:00','Sunday',30,30,30,30,'2022-10-25 14:26:35','2022-11-02 13:25:15',1),(282,'1','2022-10-31 00:00:00','Monday',10,20,30,40,'2022-10-25 14:26:35','2022-11-02 13:25:15',1),(283,'1','2022-10-31 00:00:00','Monday',10,20,30,40,'2022-10-25 14:26:35','2022-11-02 13:25:15',1),(284,'1','2022-10-31 00:00:00','Tuesday',30,30,0,0,'2022-10-25 14:26:35','2022-11-02 13:25:15',1),(285,'1','2022-10-31 00:00:00','Wednesday',0,0,30,30,'2022-10-25 14:26:35','2022-11-02 13:25:15',1),(286,'1','2022-10-31 00:00:00','Thursday',30,0,0,0,'2022-10-25 14:26:35','2022-11-02 13:25:15',1),(287,'1','2022-10-31 00:00:00','Friday',30,0,30,0,'2022-10-25 14:26:35','2022-11-02 13:25:15',1),(288,'1','2022-10-31 00:00:00','Saturday',30,30,30,30,'2022-10-25 14:26:35','2022-11-02 13:25:15',1),(289,'1','2022-10-31 00:00:00','Sunday',30,30,30,30,'2022-10-25 14:26:35','2022-11-02 13:25:15',1),(290,'1','2022-10-31 00:00:00','Monday',10,20,30,40,'2022-10-25 14:26:35','2022-11-02 13:25:15',1),(291,'1','2022-10-31 00:00:00','Monday',10,20,30,40,'2022-10-25 14:26:35','2022-11-02 13:25:15',1),(292,'1','2022-10-31 00:00:00','Tuesday',30,30,0,0,'2022-10-25 14:26:35','2022-11-02 13:25:15',1),(293,'1','2022-10-31 00:00:00','Wednesday',0,0,30,30,'2022-10-25 14:26:35','2022-11-02 13:25:15',1),(294,'1','2022-10-31 00:00:00','Thursday',30,0,0,0,'2022-10-25 14:26:35','2022-11-02 13:25:16',1),(295,'1','2022-10-31 00:00:00','Friday',30,0,30,0,'2022-10-25 14:26:35','2022-11-02 13:25:16',1),(296,'1','2022-10-31 00:00:00','Saturday',30,30,30,30,'2022-10-25 14:26:35','2022-11-02 13:25:16',1),(297,'1','2022-10-31 00:00:00','Sunday',30,30,30,30,'2022-10-25 14:26:35','2022-11-02 13:25:16',1),(298,'1','2022-10-31 00:00:00','Monday',10,20,30,40,'2022-10-25 14:26:35','2022-11-02 13:25:16',1),(299,'1','2022-10-31 00:00:00','Monday',10,20,30,40,'2022-10-25 14:26:35','2022-11-02 13:25:16',1),(300,'1','2022-10-31 00:00:00','Tuesday',30,30,0,0,'2022-10-25 14:26:35','2022-11-02 13:25:16',1),(301,'1','2022-10-31 00:00:00','Wednesday',0,0,30,30,'2022-10-25 14:26:35','2022-11-02 13:25:16',1),(302,'1','2022-10-31 00:00:00','Thursday',30,0,0,0,'2022-10-25 14:26:35','2022-11-02 13:25:16',1),(303,'1','2022-10-31 00:00:00','Friday',30,0,30,0,'2022-10-25 14:26:35','2022-11-02 13:25:16',1),(304,'1','2022-10-31 00:00:00','Saturday',30,30,30,30,'2022-10-25 14:26:35','2022-11-02 13:25:16',1),(305,'1','2022-10-31 00:00:00','Monday',10,20,30,40,'2022-10-25 14:26:35','2022-11-02 13:25:16',1),(306,'1','2022-10-31 00:00:00','Sunday',30,30,30,30,'2022-10-25 14:26:35','2022-11-02 13:25:16',1),(307,'3','2022-10-31 00:00:00','Wednesday',0,0,30,30,'2022-10-25 14:26:35','2022-11-02 13:25:16',1),(308,'1','2022-11-08 00:00:00','Monday',10,20,30,40,'2022-11-02 13:25:16','2023-01-27 02:04:00',1),(309,'1','2022-11-08 00:00:00','Tuesday',30,30,0,0,'2022-11-02 13:25:16','2023-01-27 02:04:00',1),(310,'1','2022-11-08 00:00:00','Wednesday',0,0,30,30,'2022-11-02 13:25:16','2023-01-27 02:04:00',1),(311,'1','2022-11-08 00:00:00','Thursday',30,0,0,0,'2022-11-02 13:25:16','2023-01-27 02:04:00',1),(312,'1','2022-11-08 00:00:00','Friday',30,0,30,0,'2022-11-02 13:25:16','2023-01-27 02:04:00',1),(313,'1','2022-11-08 00:00:00','Saturday',30,30,30,30,'2022-11-02 13:25:16','2023-01-27 02:04:00',1),(314,'1','2022-11-08 00:00:00','Monday',10,20,30,40,'2022-11-02 13:25:16','2023-01-27 02:04:00',1),(315,'1','2022-11-08 00:00:00','Sunday',30,30,30,30,'2022-11-02 13:25:16','2023-01-27 02:04:00',1),(316,'1','2022-11-08 00:00:00','Monday',10,20,30,40,'2022-11-02 13:25:16','2023-01-27 02:04:00',1),(317,'1','2022-11-08 00:00:00','Tuesday',30,30,0,0,'2022-11-02 13:25:16','2023-01-27 02:04:00',1),(318,'1','2022-11-08 00:00:00','Wednesday',0,0,30,30,'2022-11-02 13:25:16','2023-01-27 02:04:00',1),(319,'1','2022-11-08 00:00:00','Thursday',30,0,0,0,'2022-11-02 13:25:16','2023-01-27 02:04:00',1),(320,'1','2022-11-08 00:00:00','Friday',30,0,30,0,'2022-11-02 13:25:16','2023-01-27 02:04:00',1),(321,'1','2022-11-08 00:00:00','Saturday',30,30,30,30,'2022-11-02 13:25:16','2023-01-27 02:04:00',1),(322,'1','2022-11-08 00:00:00','Sunday',30,30,30,30,'2022-11-02 13:25:16','2023-01-27 02:04:00',1),(323,'1','2022-11-08 00:00:00','Monday',10,20,30,40,'2022-11-02 13:25:16','2023-01-27 02:04:00',1),(324,'1','2022-11-08 00:00:00','Monday',10,20,30,40,'2022-11-02 13:25:16','2023-01-27 02:04:00',1),(325,'1','2022-11-08 00:00:00','Tuesday',30,30,0,0,'2022-11-02 13:25:16','2023-01-27 02:04:00',1),(326,'1','2022-11-08 00:00:00','Wednesday',0,0,30,30,'2022-11-02 13:25:16','2023-01-27 02:04:00',1),(327,'1','2022-11-08 00:00:00','Thursday',30,0,0,0,'2022-11-02 13:25:16','2023-01-27 02:04:00',1),(328,'1','2022-11-08 00:00:00','Friday',30,0,30,0,'2022-11-02 13:25:16','2023-01-27 02:04:00',1),(329,'1','2022-11-08 00:00:00','Saturday',30,30,30,30,'2022-11-02 13:25:16','2023-01-27 02:04:00',1),(330,'1','2022-11-08 00:00:00','Sunday',30,30,30,30,'2022-11-02 13:25:16','2023-01-27 02:04:00',1),(331,'1','2022-11-08 00:00:00','Tuesday',30,30,0,0,'2022-11-02 13:25:16','2023-01-27 02:04:00',1),(332,'1','2022-11-08 00:00:00','Wednesday',0,0,30,30,'2022-11-02 13:25:16','2023-01-27 02:04:00',1),(333,'1','2022-11-08 00:00:00','Thursday',30,0,0,0,'2022-11-02 13:25:16','2023-01-27 02:04:00',1),(334,'1','2022-11-08 00:00:00','Friday',30,0,30,0,'2022-11-02 13:25:16','2023-01-27 02:04:00',1),(335,'1','2022-11-08 00:00:00','Saturday',30,30,30,30,'2022-11-02 13:25:16','2023-01-27 02:04:00',1),(336,'1','2022-11-08 00:00:00','Sunday',30,30,30,30,'2022-11-02 13:25:16','2023-01-27 02:04:00',1),(337,'1','2022-11-08 00:00:00','Monday',10,20,30,40,'2022-11-02 13:25:16','2023-01-27 02:04:00',1),(338,'1','2022-11-08 00:00:00','Monday',10,20,30,40,'2022-11-02 13:25:16','2023-01-27 02:04:00',1),(339,'1','2022-11-08 00:00:00','Tuesday',30,30,0,0,'2022-11-02 13:25:16','2023-01-27 02:04:00',1),(340,'1','2022-11-08 00:00:00','Wednesday',0,0,30,30,'2022-11-02 13:25:16','2023-01-27 02:04:00',1),(341,'1','2022-11-08 00:00:00','Thursday',30,0,0,0,'2022-11-02 13:25:16','2023-01-27 02:04:00',1),(342,'1','2022-11-08 00:00:00','Friday',30,0,30,0,'2022-11-02 13:25:16','2023-01-27 02:04:00',1),(343,'1','2022-11-08 00:00:00','Saturday',30,30,30,30,'2022-11-02 13:25:16','2023-01-27 02:04:00',1),(344,'1','2022-11-08 00:00:00','Sunday',30,30,30,30,'2022-11-02 13:25:16','2023-01-27 02:04:00',1),(345,'1','2022-11-08 00:00:00','Monday',10,20,30,40,'2022-11-02 13:25:16','2023-01-27 02:04:00',1),(346,'1','2022-11-08 00:00:00','Monday',10,20,30,40,'2022-11-02 13:25:16','2023-01-27 02:04:00',1),(347,'1','2022-11-08 00:00:00','Tuesday',30,30,0,0,'2022-11-02 13:25:16','2023-01-27 02:04:00',1),(348,'1','2022-11-08 00:00:00','Wednesday',0,0,30,30,'2022-11-02 13:25:16','2023-01-27 02:04:00',1),(349,'1','2022-11-08 00:00:00','Thursday',30,0,0,0,'2022-11-02 13:25:16','2023-01-27 02:04:00',1),(350,'1','2022-11-08 00:00:00','Friday',30,0,30,0,'2022-11-02 13:25:16','2023-01-27 02:04:00',1),(351,'1','2022-11-08 00:00:00','Saturday',30,30,30,30,'2022-11-02 13:25:16','2023-01-27 02:04:00',1),(352,'1','2022-11-08 00:00:00','Sunday',30,30,30,30,'2022-11-02 13:25:16','2023-01-27 02:04:00',1),(353,'1','2022-11-08 00:00:00','Monday',10,20,30,40,'2022-11-02 13:25:16','2023-01-27 02:04:00',1),(354,'1','2022-11-07 00:00:00','Monday',10,20,30,40,'2022-11-02 13:25:16','2023-01-27 02:04:00',1),(355,'1','2022-11-08 00:00:00','Tuesday',30,30,0,0,'2022-11-02 13:25:16','2023-01-27 02:04:00',1),(356,'1','2022-11-09 00:00:00','Wednesday',10,20,30,40,'2022-11-02 13:25:16','2023-01-27 02:04:00',1),(357,'1','2022-11-10 00:00:00','Thursday',30,30,30,30,'2022-11-02 13:25:16','2023-01-27 02:04:00',1),(358,'1','2023-01-27 00:00:00','Friday',30,30,30,30,'2022-11-02 13:25:16','2023-01-27 01:59:38',0),(359,'1','2023-01-28 00:00:00','Saturday',30,30,30,30,'2022-11-02 13:25:16','2023-01-27 01:59:38',0),(360,'1','2023-01-29 00:00:00','Sunday',10,20,30,40,'2022-11-02 13:25:16','2023-01-27 01:59:38',0),(361,'1','2023-01-30 00:00:00','Monday',30,30,30,30,'2022-11-02 13:25:16','2023-01-27 01:59:38',0),(362,'1','2023-01-31 00:00:00','Tuesday',30,30,30,30,'2022-11-02 13:25:16','2023-01-27 01:59:38',0),(363,'1','2023-02-01 00:00:00','Wednesday',10,20,30,40,'2022-11-02 13:25:16','2023-01-27 01:59:38',0),(364,'1','2023-02-02 00:00:00','Thursday',30,30,0,0,'2022-11-02 13:25:16','2023-01-27 01:59:38',0),(365,'2','2023-01-27 00:00:00','Friday',10,20,30,40,'2022-11-02 13:25:16','2023-01-27 02:00:20',0),(366,'2','2023-01-28 00:00:00','Saturday',30,30,30,30,'2022-11-02 13:25:16','2023-01-27 02:00:20',0),(367,'2','2023-01-29 00:00:00','Sunday',30,30,30,30,'2022-11-02 13:25:16','2023-01-27 02:00:20',0),(368,'2','2023-01-30 00:00:00','Monday',30,30,30,30,'2022-11-02 13:25:16','2023-01-27 02:00:20',0),(369,'2','2023-01-31 00:00:00','Tuesday',10,20,30,40,'2022-11-02 13:25:16','2023-01-27 02:00:20',0),(370,'2','2023-02-01 00:00:00','Wednesday',30,30,30,30,'2022-11-02 13:25:16','2023-01-27 02:00:20',0),(371,'2','2023-02-02 00:00:00','Thursday',30,30,30,30,'2022-11-02 13:25:16','2023-01-27 02:00:20',0),(372,'3','2023-01-27 00:00:00','Friday',30,30,30,30,'2023-01-27 01:59:38','2023-01-27 02:00:20',0),(373,'3','2023-01-28 00:00:00','Saturday',30,30,30,30,'2023-01-27 01:59:38','2023-01-27 02:00:20',0),(374,'3','2023-01-29 00:00:00','Sunday',30,30,30,30,'2023-01-27 01:59:38','2023-01-27 02:00:20',0),(375,'3','2023-01-30 00:00:00','Monday',30,30,30,30,'2023-01-27 01:59:38','2023-01-27 02:00:20',0),(376,'3','2023-01-31 00:00:00','Tuesday',30,30,30,30,'2023-01-27 01:59:38','2023-01-27 02:00:20',0),(377,'3','2023-02-01 00:00:00','Wednesday',30,30,30,30,'2023-01-27 01:59:38','2023-01-27 02:00:20',0),(378,'3','2023-02-02 00:00:00','Thursday',30,30,30,30,'2023-01-27 01:59:38','2023-01-27 02:00:20',0),(379,'4','2023-01-27 00:00:00','Friday',30,30,30,30,'2023-01-27 02:00:20','2023-01-27 02:00:20',0),(380,'4','2023-01-28 00:00:00','Saturday',30,30,30,30,'2023-01-27 02:00:20','2023-01-27 02:00:20',0),(381,'4','2023-01-29 00:00:00','Sunday',30,30,30,30,'2023-01-27 02:00:20','2023-01-27 02:00:20',0),(382,'4','2023-01-30 00:00:00','Monday',30,30,30,30,'2023-01-27 02:00:20','2023-01-27 02:00:20',0),(383,'4','2023-01-31 00:00:00','Tuesday',30,30,30,30,'2023-01-27 02:00:20','2023-01-27 02:00:20',0),(384,'4','2023-02-01 00:00:00','Wednesday',30,30,30,30,'2023-01-27 02:00:20','2023-01-27 02:00:20',0),(385,'4','2023-02-02 00:00:00','Thursday',30,30,30,30,'2023-01-27 02:00:20','2023-01-27 02:00:20',0),(386,'1','2023-02-02 00:00:00','Monday',10,20,30,40,'2023-01-27 02:04:00','2023-01-27 02:04:00',0),(387,'1','2023-02-02 00:00:00','Tuesday',30,30,0,0,'2023-01-27 02:04:00','2023-01-27 02:04:00',0),(388,'1','2023-02-02 00:00:00','Wednesday',0,0,30,30,'2023-01-27 02:04:00','2023-01-27 02:04:00',0),(389,'1','2023-02-02 00:00:00','Thursday',30,0,0,0,'2023-01-27 02:04:00','2023-01-27 02:04:00',0),(390,'1','2023-02-02 00:00:00','Friday',30,0,30,0,'2023-01-27 02:04:00','2023-01-27 02:04:00',0),(391,'1','2023-02-02 00:00:00','Saturday',30,30,30,30,'2023-01-27 02:04:00','2023-01-27 02:04:00',0),(392,'1','2023-02-02 00:00:00','Monday',10,20,30,40,'2023-01-27 02:04:00','2023-01-27 02:04:00',0),(393,'1','2023-02-02 00:00:00','Sunday',30,30,30,30,'2023-01-27 02:04:00','2023-01-27 02:04:00',0),(394,'1','2023-02-02 00:00:00','Monday',10,20,30,40,'2023-01-27 02:04:00','2023-01-27 02:04:00',0),(395,'1','2023-02-02 00:00:00','Tuesday',30,30,0,0,'2023-01-27 02:04:00','2023-01-27 02:04:00',0),(396,'1','2023-02-02 00:00:00','Wednesday',0,0,30,30,'2023-01-27 02:04:00','2023-01-27 02:04:00',0),(397,'1','2023-02-02 00:00:00','Thursday',30,0,0,0,'2023-01-27 02:04:00','2023-01-27 02:04:00',0),(398,'1','2023-02-02 00:00:00','Friday',30,0,30,0,'2023-01-27 02:04:00','2023-01-27 02:04:00',0),(399,'1','2023-02-02 00:00:00','Saturday',30,30,30,30,'2023-01-27 02:04:01','2023-01-27 02:04:01',0),(400,'1','2023-02-02 00:00:00','Sunday',30,30,30,30,'2023-01-27 02:04:01','2023-01-27 02:04:01',0),(401,'1','2023-02-02 00:00:00','Monday',10,20,30,40,'2023-01-27 02:04:01','2023-01-27 02:04:01',0),(402,'1','2023-02-02 00:00:00','Monday',10,20,30,40,'2023-01-27 02:04:01','2023-01-27 02:04:01',0),(403,'1','2023-02-02 00:00:00','Tuesday',30,30,0,0,'2023-01-27 02:04:01','2023-01-27 02:04:01',0),(404,'1','2023-02-02 00:00:00','Wednesday',0,0,30,30,'2023-01-27 02:04:01','2023-01-27 02:04:01',0),(405,'1','2023-02-02 00:00:00','Thursday',30,0,0,0,'2023-01-27 02:04:01','2023-01-27 02:04:01',0),(406,'1','2023-02-02 00:00:00','Friday',30,0,30,0,'2023-01-27 02:04:01','2023-01-27 02:04:01',0),(407,'1','2023-02-02 00:00:00','Saturday',30,30,30,30,'2023-01-27 02:04:01','2023-01-27 02:04:01',0),(408,'1','2023-02-02 00:00:00','Sunday',30,30,30,30,'2023-01-27 02:04:01','2023-01-27 02:04:01',0),(409,'1','2023-02-02 00:00:00','Tuesday',30,30,0,0,'2023-01-27 02:04:01','2023-01-27 02:04:01',0),(410,'1','2023-02-02 00:00:00','Wednesday',0,0,30,30,'2023-01-27 02:04:01','2023-01-27 02:04:01',0),(411,'1','2023-02-02 00:00:00','Thursday',30,0,0,0,'2023-01-27 02:04:01','2023-01-27 02:04:01',0),(412,'1','2023-02-02 00:00:00','Friday',30,0,30,0,'2023-01-27 02:04:01','2023-01-27 02:04:01',0),(413,'1','2023-02-02 00:00:00','Saturday',30,30,30,30,'2023-01-27 02:04:01','2023-01-27 02:04:01',0),(414,'1','2023-02-02 00:00:00','Sunday',30,30,30,30,'2023-01-27 02:04:01','2023-01-27 02:04:01',0),(415,'1','2023-02-02 00:00:00','Monday',10,20,30,40,'2023-01-27 02:04:01','2023-01-27 02:04:01',0),(416,'1','2023-02-02 00:00:00','Monday',10,20,30,40,'2023-01-27 02:04:01','2023-01-27 02:04:01',0),(417,'1','2023-02-02 00:00:00','Tuesday',30,30,0,0,'2023-01-27 02:04:01','2023-01-27 02:04:01',0),(418,'1','2023-02-02 00:00:00','Wednesday',0,0,30,30,'2023-01-27 02:04:01','2023-01-27 02:04:01',0),(419,'1','2023-02-02 00:00:00','Thursday',30,0,0,0,'2023-01-27 02:04:01','2023-01-27 02:04:01',0),(420,'1','2023-02-02 00:00:00','Friday',30,0,30,0,'2023-01-27 02:04:01','2023-01-27 02:04:01',0),(421,'1','2023-02-02 00:00:00','Saturday',30,30,30,30,'2023-01-27 02:04:01','2023-01-27 02:04:01',0),(422,'1','2023-02-02 00:00:00','Sunday',30,30,30,30,'2023-01-27 02:04:01','2023-01-27 02:04:01',0),(423,'1','2023-02-02 00:00:00','Monday',10,20,30,40,'2023-01-27 02:04:01','2023-01-27 02:04:01',0),(424,'1','2023-02-02 00:00:00','Monday',10,20,30,40,'2023-01-27 02:04:01','2023-01-27 02:04:01',0),(425,'1','2023-02-02 00:00:00','Tuesday',30,30,0,0,'2023-01-27 02:04:01','2023-01-27 02:04:01',0),(426,'1','2023-02-02 00:00:00','Wednesday',0,0,30,30,'2023-01-27 02:04:01','2023-01-27 02:04:01',0),(427,'1','2023-02-02 00:00:00','Thursday',30,0,0,0,'2023-01-27 02:04:01','2023-01-27 02:04:01',0),(428,'1','2023-02-02 00:00:00','Friday',30,0,30,0,'2023-01-27 02:04:01','2023-01-27 02:04:01',0),(429,'1','2023-02-02 00:00:00','Saturday',30,30,30,30,'2023-01-27 02:04:01','2023-01-27 02:04:01',0),(430,'1','2023-02-02 00:00:00','Sunday',30,30,30,30,'2023-01-27 02:04:01','2023-01-27 02:04:01',0),(431,'1','2023-02-02 00:00:00','Monday',10,20,30,40,'2023-01-27 02:04:01','2023-01-27 02:04:01',0),(432,'1','2023-02-02 00:00:00','Monday',10,20,30,40,'2023-01-27 02:04:01','2023-01-27 02:04:01',0),(433,'1','2023-02-02 00:00:00','Tuesday',30,30,0,0,'2023-01-27 02:04:01','2023-01-27 02:04:01',0),(434,'1','2023-02-02 00:00:00','Wednesday',0,0,30,30,'2023-01-27 02:04:01','2023-01-27 02:04:01',0),(435,'1','2023-02-02 00:00:00','Thursday',30,0,0,0,'2023-01-27 02:04:01','2023-01-27 02:04:01',0);
/*!40000 ALTER TABLE `labuse` ENABLE KEYS */;
UNLOCK TABLES;

--
-- Table structure for table `lm`
--

DROP TABLE IF EXISTS `lm`;
/*!40101 SET @saved_cs_client     = @@character_set_client */;
/*!50503 SET character_set_client = utf8mb4 */;
CREATE TABLE `lm` (
  `uuid` int NOT NULL AUTO_INCREMENT,
  `lname` varchar(50) DEFAULT '网络攻防实验室',
  `mname` varchar(200) DEFAULT '交换机',
  `minfo` varchar(255) DEFAULT '这是一段实验室材料简介',
  `mcount` int DEFAULT '80',
  PRIMARY KEY (`uuid`)
) ENGINE=InnoDB AUTO_INCREMENT=5 DEFAULT CHARSET=utf8mb4 COLLATE=utf8mb4_0900_ai_ci;
/*!40101 SET character_set_client = @saved_cs_client */;

--
-- Dumping data for table `lm`
--

LOCK TABLES `lm` WRITE;
/*!40000 ALTER TABLE `lm` DISABLE KEYS */;
INSERT INTO `lm` VALUES (2,'网络攻防实验室','路由器','这是一段实验室材料简介',80);
/*!40000 ALTER TABLE `lm` ENABLE KEYS */;
UNLOCK TABLES;

--
-- Table structure for table `notice`
--

DROP TABLE IF EXISTS `notice`;
/*!40101 SET @saved_cs_client     = @@character_set_client */;
/*!50503 SET character_set_client = utf8mb4 */;
CREATE TABLE `notice` (
  `n_id` int NOT NULL AUTO_INCREMENT,
  `title` text,
  `resume` varchar(255) DEFAULT '公告简述内容为……',
  `content` text,
  `publisher` varchar(255) DEFAULT 'admin',
  `p_time` timestamp NOT NULL DEFAULT CURRENT_TIMESTAMP,
  PRIMARY KEY (`n_id`)
) ENGINE=InnoDB AUTO_INCREMENT=23 DEFAULT CHARSET=utf8mb4 COLLATE=utf8mb4_0900_ai_ci;
/*!40101 SET character_set_client = @saved_cs_client */;

--
-- Dumping data for table `notice`
--

LOCK TABLES `notice` WRITE;
/*!40000 ALTER TABLE `notice` DISABLE KEYS */;
INSERT INTO `notice` VALUES (1,'人民有信仰，民族有希望，国家有力量','公告简述内容为……','    中国共产党第十九届中央委员会第七次全体会议公报\n\n（2022年10月12日中国共产党第十九届中央委员会第七次全体会议通过）\n\n中国共产党第十九届中央委员会第七次全体会议，于2022年10月9日至12日在北京举行。\n\n出席全会的有中央委员199人，候补中央委员159人。中央纪律检查委员会委员和有关负责同志列席会议。\n\n全会由中央政治局主持。中央委员会总书记习近平作了重要讲话。\n\n全会决定，中国共产党第二十次全国代表大会于2022年10月16日在北京召开。\n\n全会听取和讨论了习近平受中央政治局委托作的工作报告。全会讨论并通过了党的十九届中央委员会向中国共产党第二十次全国代表大会的报告，讨论并通过了党的十九届中央纪律检查委员会向中国共产党第二十次全国代表大会的工作报告，讨论并通过了《中国共产党章程（修正案）》，决定将这3份文件提请中国共产党第二十次全国代表大会审查和审议。习近平就党的十九届中央委员会向中国共产党第二十次全国代表大会的报告讨论稿向全会作了说明，王沪宁就《中国共产党章程（修正案）》讨论稿向全会作了说明。\n\n全会充分肯定党的十九届六中全会以来中央政治局的工作。一致认为，一年来，面对复杂严峻的国际环境和艰巨繁重的国内改革发展稳定任务，中央政治局全面贯彻习近平新时代中国特色社会主义思想，团结带领全党全军全国各族人民，弘扬伟大建党精神，坚持稳中求进工作总基调，落实疫情要防住、经济要稳住、发展要安全的要求，统筹新冠肺炎疫情防控和经济社会发展，统筹发展和安全，毫不放松抓好常态化疫情防控，推动高质量发展，深化改革开放，发展全过程人民民主，加强宣传思想文化工作，突出保障和改善民生，推进生态文明建设，加快国防和军队现代化步伐，积极开展中国特色大国外交，推进全面从严治党，成功举办北京冬奥会、冬残奥会，隆重庆祝香港回归祖国25周年，坚决开展反分裂、反干涉重大斗争，妥善应对乌克兰危机带来的风险挑战，着力保持平稳健康的经济环境、国泰民安的社会环境、风清气正的政治环境，推动党和国家各项事业取得新的重大成就，为召开党的第二十次全国代表大会创造了良好条件。\n\n全会总结了党的十九大以来5年的工作。一致认为，党的十九大以来的5年，是极不寻常、极不平凡的5年。5年来，以习近平同志为核心的党中央高举中国特色社会主义伟大旗帜，全面贯彻党的十九大和十九届历次全会精神，坚持马克思列宁主义、毛泽东思想、邓小平理论、“三个代表”重要思想、科学发展观，全面贯彻习近平新时代中国特色社会主义思想，团结带领全党全军全国各族人民，统揽伟大斗争、伟大工程、伟大事业、伟大梦想，统筹推进“五位一体”总体布局，协调推进“四个全面”战略布局，统筹新冠肺炎疫情防控和经济社会发展，统筹发展和安全，坚持稳中求进工作总基调，全力推进全面建成小康社会进程，完整、准确、全面贯彻新发展理念，着力推动高质量发展，主动构建新发展格局，蹄疾步稳推进改革，扎实推进全过程人民民主，全面推进依法治国，积极发展社会主义先进文化，突出保障和改善民生，集中力量实施脱贫攻坚战，大力推进生态文明建设，坚决维护国家安全，防范化解重大风险，保持社会大局稳定，大力度推进国防和军队现代化建设，全方位开展中国特色大国外交，全面推进党的建设新的伟大工程。如期打赢脱贫攻坚战，完成全面建成小康社会的历史任务，实现第一个百年奋斗目标，迈上全面建设社会主义现代化国家新征程，向第二个百年奋斗目标进军。隆重庆祝中国共产党成立100周年、中华人民共和国成立70周年，制定第三个历史决议，在全党开展党史学习教育，号召全党学习和践行伟大建党精神。坚持人民至上、生命至上，开展抗击新冠肺炎疫情人民战争、总体战、阻击战，最大限度保护了人民生命安全和身体健康。依照宪法和基本法有效实施对特别行政区的全面管治权，落实“爱国者治港”原则，香港局势实现由乱到治的重大转折。坚持一个中国原则和“九二共识”，展示了我们维护国家主权和领土完整、反对“台独”的坚强决心和强大能力。坚持国家利益为重、国内政治优先，保持战略定力，发扬斗争精神，在斗争中维护国家尊严和核心利益，牢牢掌握了我国发展和安全主动权。5年来，以习近平同志为核心的党中央审时度势、守正创新，敢于斗争、善于斗争，团结带领全党全军全国各族人民有效应对严峻复杂的国际形势和接踵而至的巨大风险挑战，以奋发有为的精神把新时代中国特色社会主义不断推向前进，攻克了许多长期没有解决的难题，办成了许多事关长远的大事要事，推动党和国家事业取得举世瞩目的重大成就。','admin','2022-10-17 16:00:00'),(19,'人民有信仰，民族有希望，国家有力量','公告简述内容为……',NULL,'admin','2022-10-25 03:24:08'),(20,'人民有信仰，民族有希望，国家有力量','公告简述内容为……',NULL,'admin','2022-10-25 03:24:08'),(21,'人民有信仰，民族有希望，国家有力量','公告简述内容为……',NULL,'admin','2022-10-25 03:24:08'),(22,'人民有信仰，民族有希望，国家有力量','公告简述内容为……',NULL,'admin','2022-10-25 03:24:08');
/*!40000 ALTER TABLE `notice` ENABLE KEYS */;
UNLOCK TABLES;

--
-- Table structure for table `rp`
--

DROP TABLE IF EXISTS `rp`;
/*!40101 SET @saved_cs_client     = @@character_set_client */;
/*!50503 SET character_set_client = utf8mb4 */;
CREATE TABLE `rp` (
  `uuid` int NOT NULL AUTO_INCREMENT,
  `tname` varchar(200) DEFAULT '实验室耗材',
  `rname` varchar(200) DEFAULT '网络交换机',
  `rinfo` varchar(200) DEFAULT '设备故障',
  PRIMARY KEY (`uuid`)
) ENGINE=InnoDB AUTO_INCREMENT=12 DEFAULT CHARSET=utf8mb4 COLLATE=utf8mb4_0900_ai_ci;
/*!40101 SET character_set_client = @saved_cs_client */;

--
-- Dumping data for table `rp`
--

LOCK TABLES `rp` WRITE;
/*!40000 ALTER TABLE `rp` DISABLE KEYS */;
INSERT INTO `rp` VALUES (1,'实验室耗材','网络交换机','设备故障');
/*!40000 ALTER TABLE `rp` ENABLE KEYS */;
UNLOCK TABLES;

--
-- Table structure for table `sc`
--

DROP TABLE IF EXISTS `sc`;
/*!40101 SET @saved_cs_client     = @@character_set_client */;
/*!50503 SET character_set_client = utf8mb4 */;
CREATE TABLE `sc` (
  `uuid` int NOT NULL AUTO_INCREMENT,
  `cid` int DEFAULT NULL,
  `cname` varchar(255) DEFAULT NULL,
  `lid` int DEFAULT NULL,
  `lname` varchar(255) DEFAULT NULL,
  `uid` varchar(255) DEFAULT NULL,
  `uname` varchar(255) DEFAULT NULL,
  `cdate` varchar(255) DEFAULT NULL,
  `ctype` varchar(255) DEFAULT NULL,
  PRIMARY KEY (`uuid`)
) ENGINE=InnoDB AUTO_INCREMENT=26 DEFAULT CHARSET=utf8mb4 COLLATE=utf8mb4_0900_ai_ci;
/*!40101 SET character_set_client = @saved_cs_client */;

--
-- Dumping data for table `sc`
--

LOCK TABLES `sc` WRITE;
/*!40000 ALTER TABLE `sc` DISABLE KEYS */;
INSERT INTO `sc` VALUES (2,1,'数据结构',1,'网络攻防实验室','1','李信','第1周-第18周','必修'),(3,1,'数据结构',1,'网络攻防实验室','1','李信','第1周-第18周','必修'),(4,1,'数据结构',1,'网络攻防实验室','string','string','第1周-第18周','必修'),(5,1,'数据结构',1,'网络攻防实验室','1','李白','第1周-第18周','必修'),(6,1,'数据结构',1,'网络攻防实验室',NULL,'王一帆','第1周-第18周','必修'),(7,1,'数据结构',1,'网络攻防实验室',NULL,'王一帆','第1周-第18周','必修'),(8,1,'数据结构',1,'网络攻防实验室',NULL,'王一帆','第1周-第18周','必修'),(9,1,'数据结构',1,'网络攻防实验室',NULL,'王一帆','第1周-第18周','必修'),(10,1,'数据结构',1,'网络攻防实验室',NULL,'王一帆','第1周-第18周','必修'),(11,2,'计算机网络',1,'网络攻防实验室',NULL,'王一帆','第1周-第18周','必修'),(12,1,'数据结构',1,'网络攻防实验室',NULL,'王一帆','第1周-第18周','必修'),(13,1,'数据结构',1,'网络攻防实验室',NULL,'王一帆','第1周-第18周','必修'),(14,1,'数据结构',1,'网络攻防实验室',NULL,'王一帆','第1周-第18周','必修'),(23,3,'高等数学',4,'高数教室','20171506001','王一帆','第1周-第18周','必修'),(24,1,'数据结构',1,'网络攻防实验室','20171506001','王一帆','第1周-第18周','必修'),(25,2,'计算机网络',1,'网络攻防实验室','20171506001','王一帆','第1周-第18周','必修');
/*!40000 ALTER TABLE `sc` ENABLE KEYS */;
UNLOCK TABLES;

--
-- Table structure for table `schedule_lab1`
--

DROP TABLE IF EXISTS `schedule_lab1`;
/*!40101 SET @saved_cs_client     = @@character_set_client */;
/*!50503 SET character_set_client = utf8mb4 */;
CREATE TABLE `schedule_lab1` (
  `week` varchar(20) CHARACTER SET utf8mb3 COLLATE utf8_general_ci NOT NULL,
  `first` varchar(20) CHARACTER SET utf8mb3 COLLATE utf8_general_ci DEFAULT '30',
  `second` varchar(20) CHARACTER SET utf8mb3 COLLATE utf8_general_ci DEFAULT '30',
  `third` varchar(20) CHARACTER SET utf8mb3 COLLATE utf8_general_ci DEFAULT '30',
  `fourth` varchar(20) CHARACTER SET utf8mb3 COLLATE utf8_general_ci DEFAULT '30'
) ENGINE=InnoDB DEFAULT CHARSET=utf8mb3 ROW_FORMAT=DYNAMIC;
/*!40101 SET character_set_client = @saved_cs_client */;

--
-- Dumping data for table `schedule_lab1`
--

LOCK TABLES `schedule_lab1` WRITE;
/*!40000 ALTER TABLE `schedule_lab1` DISABLE KEYS */;
INSERT INTO `schedule_lab1` VALUES ('Monday','10','20','30','40'),('Tuesday','30','30','0','0'),('Wednesday','0','0','30','30'),('Thursday','30','0','0','0'),('Friday','30','0','30','0'),('Saturday','30','30','30','30'),('Sunday','30','30','30','30');
/*!40000 ALTER TABLE `schedule_lab1` ENABLE KEYS */;
UNLOCK TABLES;

--
-- Table structure for table `schedule_lab2`
--

DROP TABLE IF EXISTS `schedule_lab2`;
/*!40101 SET @saved_cs_client     = @@character_set_client */;
/*!50503 SET character_set_client = utf8mb4 */;
CREATE TABLE `schedule_lab2` (
  `week` varchar(20) CHARACTER SET utf8mb3 COLLATE utf8_general_ci NOT NULL,
  `first` int DEFAULT '30',
  `second` int DEFAULT '30',
  `third` int DEFAULT '30',
  `fourth` int DEFAULT '30'
) ENGINE=InnoDB DEFAULT CHARSET=utf8mb3 ROW_FORMAT=DYNAMIC;
/*!40101 SET character_set_client = @saved_cs_client */;

--
-- Dumping data for table `schedule_lab2`
--

LOCK TABLES `schedule_lab2` WRITE;
/*!40000 ALTER TABLE `schedule_lab2` DISABLE KEYS */;
INSERT INTO `schedule_lab2` VALUES ('Monday',10,20,30,40),('Tuesday',30,30,0,0),('Wednesday',0,0,30,30),('Thursday',30,0,0,0),('Friday',30,0,30,0),('Saturday',30,30,30,30),('Sunday',30,30,30,30);
/*!40000 ALTER TABLE `schedule_lab2` ENABLE KEYS */;
UNLOCK TABLES;

--
-- Table structure for table `schedule_lab3`
--

DROP TABLE IF EXISTS `schedule_lab3`;
/*!40101 SET @saved_cs_client     = @@character_set_client */;
/*!50503 SET character_set_client = utf8mb4 */;
CREATE TABLE `schedule_lab3` (
  `week` varchar(20) CHARACTER SET utf8mb3 COLLATE utf8_general_ci NOT NULL,
  `first` int DEFAULT '30',
  `second` int DEFAULT '30',
  `third` int DEFAULT '30',
  `fourth` int DEFAULT '30'
) ENGINE=InnoDB DEFAULT CHARSET=utf8mb3 ROW_FORMAT=DYNAMIC;
/*!40101 SET character_set_client = @saved_cs_client */;

--
-- Dumping data for table `schedule_lab3`
--

LOCK TABLES `schedule_lab3` WRITE;
/*!40000 ALTER TABLE `schedule_lab3` DISABLE KEYS */;
INSERT INTO `schedule_lab3` VALUES ('Monday',30,30,80,90),('Tuesday',30,30,0,0),('Wednesday',0,0,30,30),('Thursday',30,0,0,0),('Friday',30,0,30,0),('Saturday',30,30,30,30),('Sunday',30,30,30,30);
/*!40000 ALTER TABLE `schedule_lab3` ENABLE KEYS */;
UNLOCK TABLES;

--
-- Table structure for table `statistics`
--

DROP TABLE IF EXISTS `statistics`;
/*!40101 SET @saved_cs_client     = @@character_set_client */;
/*!50503 SET character_set_client = utf8mb4 */;
CREATE TABLE `statistics` (
  `uid` bigint(20) unsigned zerofill NOT NULL AUTO_INCREMENT,
  `date_sta` date DEFAULT NULL COMMENT '日期',
  `appointment_num` int DEFAULT NULL COMMENT '每日预约人数',
  `lab1` int DEFAULT NULL COMMENT '实验室1每日使用人数',
  `lab2` int DEFAULT '0',
  `lab3` int DEFAULT '0',
  `lab4` int DEFAULT '0',
  `lab5` int DEFAULT '0',
  `lab6` int DEFAULT '0',
  `lab7` int DEFAULT '0',
  `lab8` int DEFAULT '0',
  `lab9` int DEFAULT '0',
  PRIMARY KEY (`uid`) USING BTREE
) ENGINE=InnoDB AUTO_INCREMENT=627 DEFAULT CHARSET=utf8mb3 ROW_FORMAT=DYNAMIC;
/*!40101 SET character_set_client = @saved_cs_client */;

--
-- Dumping data for table `statistics`
--

LOCK TABLES `statistics` WRITE;
/*!40000 ALTER TABLE `statistics` DISABLE KEYS */;
INSERT INTO `statistics` VALUES (00000000000000000009,'2021-05-01',36,24,12,0,0,0,0,0,0,0),(00000000000000000017,'2021-05-02',50,12,18,20,0,0,0,0,0,0),(00000000000000000072,'2021-05-03',60,30,30,0,0,0,0,0,0,0),(00000000000000000073,'2021-05-04',40,20,10,10,0,0,0,0,0,0),(00000000000000000074,'2021-05-05',20,15,5,0,0,0,0,0,0,0),(00000000000000000177,'2021-05-06',0,0,0,0,0,0,0,0,0,0),(00000000000000000204,'2021-05-15',0,0,0,0,0,0,0,0,0,0),(00000000000000000220,'2021-05-16',1,1,0,0,0,0,0,0,0,0),(00000000000000000280,'2021-05-17',0,0,0,0,0,0,0,0,0,0),(00000000000000000379,'2021-05-22',0,0,0,0,0,0,0,0,0,0),(00000000000000000390,'2022-06-14',0,0,0,0,0,0,0,0,0,0),(00000000000000000421,'2022-09-20',15,0,0,0,0,0,0,0,0,0),(00000000000000000422,'2022-09-21',2,NULL,0,0,0,0,0,0,0,0),(00000000000000000423,'2022-09-22',25,NULL,0,0,0,0,0,0,0,0),(00000000000000000424,'2022-09-23',3,NULL,0,0,0,0,0,0,0,0),(00000000000000000425,'2022-09-24',12,NULL,0,0,0,0,0,0,0,0),(00000000000000000432,'2022-10-07',0,0,0,0,0,0,0,0,0,0),(00000000000000000461,'2022-10-11',0,0,0,0,0,0,0,0,0,0),(00000000000000000478,'2022-10-15',0,0,0,0,0,0,0,0,0,0),(00000000000000000489,'2022-10-16',0,0,0,0,0,0,0,0,0,0),(00000000000000000490,'2022-10-01',0,0,0,0,0,0,0,0,0,0),(00000000000000000511,'2022-10-18',0,0,0,0,0,0,0,0,0,0),(00000000000000000607,'2022-10-24',0,0,0,0,0,0,0,0,0,0),(00000000000000000620,'2022-11-02',0,0,0,0,0,0,0,0,0,0),(00000000000000000623,'2022-11-01',0,0,0,0,0,0,0,0,0,0),(00000000000000000626,'2023-01-26',0,0,0,0,0,0,0,0,0,0);
/*!40000 ALTER TABLE `statistics` ENABLE KEYS */;
UNLOCK TABLES;

--
-- Table structure for table `users`
--

DROP TABLE IF EXISTS `users`;
/*!40101 SET @saved_cs_client     = @@character_set_client */;
/*!50503 SET character_set_client = utf8mb4 */;
CREATE TABLE `users` (
  `uid` bigint NOT NULL AUTO_INCREMENT,
  `user_id` varchar(11) CHARACTER SET utf8mb3 COLLATE utf8_general_ci NOT NULL,
  `user_name` varchar(50) CHARACTER SET utf8mb3 COLLATE utf8_general_ci DEFAULT NULL,
  `password` varchar(255) CHARACTER SET utf8mb3 COLLATE utf8_general_ci NOT NULL,
  `phone` varchar(11) CHARACTER SET utf8mb3 COLLATE utf8_general_ci DEFAULT NULL,
  `email` varchar(50) CHARACTER SET utf8mb3 COLLATE utf8_general_ci DEFAULT NULL,
  `status` tinyint NOT NULL DEFAULT '0',
  `create_time` timestamp NOT NULL DEFAULT CURRENT_TIMESTAMP,
  `update_time` timestamp NOT NULL DEFAULT CURRENT_TIMESTAMP,
  `is_deleted` tinyint NOT NULL DEFAULT '0',
  `role` varchar(50) NOT NULL DEFAULT 'admin' COMMENT '身份权限',
  PRIMARY KEY (`uid`,`user_id`) USING BTREE
) ENGINE=InnoDB AUTO_INCREMENT=40 DEFAULT CHARSET=utf8mb3 ROW_FORMAT=DYNAMIC;
/*!40101 SET character_set_client = @saved_cs_client */;

--
-- Dumping data for table `users`
--

LOCK TABLES `users` WRITE;
/*!40000 ALTER TABLE `users` DISABLE KEYS */;
INSERT INTO `users` VALUES (1,'20171506001','王一帆','e10adc3949ba59abbe56e057f20f883e','18812457896','111',0,'2021-04-05 02:01:11','2022-10-19 14:04:56',0,'teacher'),(2,'20171506002','徐非','e10adc3949ba59abbe56e057f20f883e','18812345678','xss@163.com',0,'2021-04-05 02:03:51','2022-10-13 03:21:51',0,'user'),(3,'20171506008','韩健康','e10adc3949ba59abbe56e057f20f883e','18812345678','pf@163.com',0,'2021-04-05 02:05:00','2021-04-30 04:07:58',0,'admin'),(4,'20171506010','张一凡','e10adc3949ba59abbe56e057f20f883e','18812223333','zzb@163.com',0,'2021-04-05 04:57:22','2022-09-19 15:33:55',0,'admin'),(5,'20171506012','徐方旭','e10adc3949ba59abbe56e057f20f883e','18812027036','1',0,'2021-04-05 04:58:35','2022-09-19 15:33:55',0,'admin'),(6,'20171506014','王张峰','e10adc3949ba59abbe56e057f20f883e','18812027036','1',0,'2021-04-05 05:11:09','2022-09-19 15:33:55',0,'admin'),(7,'100001','管理员1','e10adc3949ba59abbe56e057f20f883e','18812027036','1',0,'2021-04-05 05:11:49','2022-09-19 15:33:55',0,'admin'),(8,'200001','管理员2','e10adc3949ba59abbe56e057f20f883e','18812027036',NULL,0,'2021-04-11 06:17:11','2022-09-19 15:33:55',0,'admin'),(32,'300001','管理员3','e10adc3949ba59abbe56e057f20f883e',NULL,NULL,0,'2021-04-11 06:17:31','2022-09-19 15:33:55',0,'admin'),(33,'admin','test','e10adc3949ba59abbe56e057f20f883e',NULL,NULL,0,'2021-04-13 14:25:56','2022-09-19 15:33:55',0,'admin'),(34,'20171506005','徐玉','e10adc3949ba59abbe56e057f20f883e','18812027036','lzx@163.com',0,'2021-04-16 02:44:32','2021-04-19 05:03:26',1,'admin'),(35,'2012','张飞','e10adc3949ba59abbe56e057f20f883e','18812027036','11111',0,'2021-04-16 02:48:28','2021-04-16 02:48:28',0,'admin'),(36,'12','git','e10adc3949ba59abbe56e057f20f883e','123','1233@163.com',0,'2021-05-17 10:56:09','2022-09-19 15:33:55',0,'admin'),(37,'1','李','e10adc3949ba59abbe56e057f20f883e','111','4444@163.com',0,'2021-05-17 10:56:58','2022-09-19 15:34:14',0,'admin'),(38,'2','1','e10adc3949ba59abbe56e057f20f883e','3','4',0,'2022-10-21 01:31:28','2022-10-21 01:31:28',0,'teacher'),(39,'2','2','e10adc3949ba59abbe56e057f20f883e','2','2',0,'2022-10-21 01:37:42','2022-10-21 01:37:42',0,'teacher');
/*!40000 ALTER TABLE `users` ENABLE KEYS */;
UNLOCK TABLES;
/*!40103 SET TIME_ZONE=@OLD_TIME_ZONE */;

/*!40101 SET SQL_MODE=@OLD_SQL_MODE */;
/*!40014 SET FOREIGN_KEY_CHECKS=@OLD_FOREIGN_KEY_CHECKS */;
/*!40014 SET UNIQUE_CHECKS=@OLD_UNIQUE_CHECKS */;
/*!40101 SET CHARACTER_SET_CLIENT=@OLD_CHARACTER_SET_CLIENT */;
/*!40101 SET CHARACTER_SET_RESULTS=@OLD_CHARACTER_SET_RESULTS */;
/*!40101 SET COLLATION_CONNECTION=@OLD_COLLATION_CONNECTION */;
/*!40111 SET SQL_NOTES=@OLD_SQL_NOTES */;

-- Dump completed on 2023-01-27 10:17:48
